Soil Moisture,Temperature,Air Humidity,Pump Data
683.8,29.18,71.79,0
408.57,33.71,77.98,1
659.09,24.76,60.78,1
842.93,32.74,59.32,0
414.2,25.69,66.62,1
487.52,33.81,47.77,1
820.86,32.66,40.32,0
726.5,38.08,50.92,0
939.92,35.43,60.82,0
628.4,34.23,42.99,1
780.39,32.45,72.28,0
768.7,22.61,62.21,0
468.51,27.01,61.78,1
801.65,24.75,64.86,0
651.95,24.02,56.57,1
685.82,32.96,64.84,0
552.5,28.0,62.06,1
527.59,27.9,49.92,1
762.58,34.84,45.73,0
440.63,22.47,40.24,1
748.59,32.37,50.51,0
541.46,23.01,67.32,1
466.52,23.28,71.66,1
903.27,25.51,74.57,0
673.64,31.48,41.98,1
400.77,37.04,58.1,1
783.77,36.83,81.2,0
424.84,38.65,71.1,1
754.15,22.21,54.85,0
805.96,29.33,72.4,0
395.47,32.0,77.42,0
673.79,19.02,78.8,1
731.75,26.22,76.71,0
462.16,34.91,44.36,0
927.81,35.29,39.99,0
898.89,23.86,61.52,0
913.11,32.83,74.6,0
351.36,22.38,56.59,1
766.21,19.63,46.28,0
891.41,18.44,58.18,0
895.45,32.51,53.58,0
527.99,29.05,59.46,1
518.41,26.75,75.11,1
917.92,20.67,46.77,0
425.84,38.8,68.5,1
497.26,32.1,75.84,1
625.68,36.16,55.76,1
703.73,36.63,68.5,0
960.39,23.41,49.92,0
930.66,20.11,61.1,0
831.34,21.24,72.73,0
800.02,35.32,49.86,0
875.18,38.98,63.39,0
492.01,30.69,70.88,1
808.55,33.23,45.27,0
496.37,38.23,44.08,1
733.62,27.65,63.78,0
550.24,33.09,57.73,1
733.04,36.05,51.67,0
672.59,36.29,44.71,1
437.36,34.18,47.11,1
867.92,23.65,81.23,0
840.31,28.51,43.7,0
591.4,37.67,39.71,1
392.97,29.88,62.7,1
377.77,29.46,62.04,1
359.69,18.42,49.01,1
392.59,28.58,59.35,1
408.82,33.42,72.49,1
617.47,33.83,67.41,1
954.62,24.91,75.63,0
718.37,18.87,69.53,0
693.64,26.38,80.96,0
394.97,27.97,68.07,1
615.17,19.94,39.13,1
871.33,26.67,78.64,0
747.08,33.51,75.72,0
418.4,34.99,63.35,1
369.24,32.59,73.85,1
733.92,35.94,78.05,0
769.3,19.78,56.58,0
924.18,32.19,59.65,0
401.5,35.73,69.35,1
693.67,22.63,50.97,0
398.49,31.62,62.14,1
610.97,29.87,75.27,1
506.4,24.2,44.84,1
731.75,24.91,44.55,0
863.51,23.95,76.42,0
895.81,25.24,51.31,0
439.7,31.09,38.63,1
880.95,27.34,61.06,0
713.54,26.75,56.04,0
589.74,21.37,49.64,1
955.41,21.95,47.9,0
321.74,25.07,69.1,1
399.35,30.49,77.69,1
375.31,34.95,65.18,1
732.71,29.39,43.74,0
742.64,18.23,67.52,0
535.37,27.55,65.17,1
657.89,29.77,75.24,1
551.14,26.31,61.53,1
694.49,19.74,69.88,0
926.32,26.65,65.07,0
677.03,26.1,64.15,1
940.8,18.63,46.79,0
914.12,20.33,46.23,0
681.43,24.11,74.61,1
766.59,25.37,63.97,0
332.2,32.12,56.5,1
801.54,29.23,47.59,0
824.28,26.57,39.08,0
859.58,28.7,78.06,0
573.58,19.5,48.16,1
761.28,19.5,55.3,0
738.72,29.64,41.08,0
984.61,32.67,60.3,0
322.61,25.81,42.08,1
342.44,29.66,50.8,1
459.3,37.98,39.37,1
708.93,34.11,47.52,0
716.33,37.21,55.09,0
859.51,32.23,63.06,0
471.73,26.4,65.22,1
356.89,22.59,77.9,1
816.89,29.11,77.06,0
580.64,24.0,40.66,1
343.58,23.62,81.25,1
612.95,34.93,70.08,1
550.31,36.06,64.96,1
530.7,30.65,44.64,1
631.09,30.66,45.15,1
328.62,32.29,80.58,1
844.3,36.06,56.06,0
653.71,31.18,58.36,1
760.85,32.47,59.31,0
369.53,35.24,47.16,1
501.63,25.18,68.34,1
568.17,34.44,64.23,1
651.79,24.55,72.94,1
942.99,26.82,55.63,0
518.57,29.74,42.36,1
381.47,33.48,46.21,1
664.91,22.03,59.3,1
972.59,28.88,77.5,0
625.38,36.29,70.52,1
723.52,37.74,77.33,0
557.16,37.58,44.18,1
756.99,26.57,42.06,0
836.99,30.97,78.23,0
582.07,20.57,48.03,1
911.73,27.42,52.72,0
706.91,32.11,65.77,0
932.29,19.62,71.92,0
641.37,28.2,52.72,1
755.15,19.56,70.22,0
610.15,31.99,75.48,1
510.63,33.48,42.29,1
340.65,19.12,41.91,1
463.35,36.34,48.33,1
763.48,38.62,42.59,0
447.95,21.25,55.25,1
419.16,31.76,60.77,1
466.85,28.31,77.69,1
430.34,19.03,72.65,1
411.03,28.7,52.68,1
376.82,34.33,79.17,1
474.94,26.06,65.2,1
931.22,37.31,64.18,0
502.08,27.3,72.48,1
876.7,33.85,48.89,0
730.8,21.96,70.67,0
743.53,27.95,66.92,0
784.33,20.31,61.36,0
572.64,29.48,61.07,1
699.42,37.01,71.62,0
519.74,24.88,66.15,1
941.95,24.86,60.23,0
851.86,23.88,79.1,0
602.44,38.44,69.32,1
676.82,38.98,48.98,1
691.1,21.59,59.86,0
649.16,28.9,72.64,1
721.81,35.24,54.51,0
533.72,29.27,60.31,1
977.45,20.15,50.87,0
335.77,37.76,42.93,1
510.78,21.45,61.91,1
975.75,25.94,45.86,0
479.58,32.74,48.09,1
459.31,28.65,38.79,1
622.45,21.17,57.9,1
487.87,36.9,64.56,1
888.62,34.09,67.59,0
397.43,28.14,70.6,1
667.89,34.43,58.1,1
709.4,23.73,66.28,0
882.37,38.62,38.85,0
981.78,20.77,54.96,0
511.98,23.81,43.53,1
660.34,31.48,59.44,1
750.17,32.01,56.58,0
940.2,38.3,57.72,0
369.9,26.72,76.47,1
899.41,34.59,63.29,0
690.21,37.02,40.3,0
583.41,32.5,66.13,1
340.23,36.95,61.73,1
971.69,37.4,70.6,0
658.81,18.39,73.33,1
768.98,38.33,41.25,0
450.55,36.83,71.52,1
845.64,32.74,70.14,0
971.02,29.7,39.69,0
646.29,22.07,79.81,1
941.37,32.48,70.34,0
931.73,23.7,51.2,0
853.15,35.75,61.44,0
815.8,26.5,69.81,0
314.51,33.59,71.55,1
326.92,23.21,69.85,1
317.05,20.58,45.57,1
538.87,30.88,53.51,1
603.2,27.57,44.28,1
601.88,33.46,81.27,1
936.29,31.57,74.51,0
776.11,25.22,43.87,0
487.34,25.29,54.68,1
387.85,20.02,46.04,1
961.02,20.15,80.1,0
968.31,21.62,58.41,0
953.35,19.97,76.26,0
525.82,19.9,77.9,1
875.23,30.79,48.31,0
700.08,21.15,44.55,0
775.41,24.05,73.42,0
498.09,32.78,54.68,1
502.65,21.84,38.77,1
583.45,30.37,38.7,1
916.6,29.82,74.59,0
584.63,25.02,53.69,1
732.19,30.69,49.89,0
744.76,25.89,77.83,0
328.36,31.29,58.74,1
907.96,20.2,42.37,0
596.63,21.96,53.09,1
647.82,20.53,39.82,1
525.64,35.14,53.74,1
913.46,23.62,58.31,0
549.44,27.99,75.64,1
925.45,21.09,57.34,0
809.64,30.17,70.2,0
700.22,19.65,53.84,0
444.74,32.33,52.85,1
591.77,25.32,72.97,1
375.54,20.9,41.66,1
499.9,32.82,67.91,1
350.75,24.79,47.3,1
516.1,22.9,62.96,1
711.29,33.01,75.49,0
750.26,29.79,73.9,0
850.72,28.36,65.18,0
775.42,28.77,55.53,0
829.24,25.19,42.38,0
859.4,25.59,43.45,0
540.82,20.35,72.14,1
713.59,23.97,46.02,0
477.52,21.05,67.1,1
664.63,26.32,42.58,1
658.76,22.86,58.68,1
560.14,29.51,79.76,1
854.26,37.39,53.65,0
970.36,37.76,50.24,0
795.68,25.28,75.7,0
400.62,21.05,61.23,1
478.1,29.56,43.79,1
688.2,25.77,73.92,0
347.99,34.12,60.51,1
515.55,22.51,63.81,1
433.65,34.03,54.11,1
707.64,38.09,64.6,0
418.59,28.09,52.23,1
964.69,35.49,42.99,0
346.01,38.74,40.43,1
536.7,18.05,69.49,1
626.44,18.79,75.31,1
802.91,22.6,40.64,0
394.81,33.05,63.48,1
706.68,21.03,81.06,0
474.03,37.05,68.6,1
566.3,37.29,70.03,1
654.43,25.97,67.41,1
556.76,21.77,77.17,1
745.32,19.11,63.8,0
777.79,23.63,63.05,0
899.03,22.76,48.27,0
699.31,21.9,72.92,0
323.86,37.04,42.75,1
951.01,35.2,45.68,0
810.57,32.28,56.28,0
576.64,28.93,41.44,1
952.46,37.47,51.13,0
603.36,37.74,39.54,1
691.51,36.16,69.67,0
314.83,27.98,62.36,1
874.05,21.07,53.92,0
801.05,35.71,72.85,0
455.28,32.33,68.56,1
438.43,27.16,69.27,1
545.95,24.65,76.1,1
591.85,37.36,79.47,1
385.2,38.66,73.61,1
682.28,28.92,52.12,0
786.11,19.34,80.55,0
732.25,23.24,52.9,0
954.42,22.75,64.16,0
400.31,30.94,76.71,1
550.54,26.79,46.03,1
950.32,24.94,52.0,0
900.59,21.78,62.41,0
595.19,33.88,78.86,1
767.54,38.0,58.96,0
617.48,21.22,49.53,1
743.82,34.86,53.26,0
678.22,28.01,58.22,1
922.42,23.58,39.23,0
548.71,25.91,43.39,1
643.68,24.82,51.86,1
783.11,19.59,66.37,0
612.23,34.97,41.49,1
680.66,31.09,73.97,1
438.87,34.56,55.89,1
846.54,18.45,58.91,0
315.07,35.01,67.81,1
352.18,24.43,48.6,1
944.46,34.66,39.05,0
498.88,28.94,64.14,1
320.34,31.68,70.65,1
627.15,34.45,46.85,1
818.42,21.05,39.15,0
491.51,38.65,65.09,1
396.82,25.06,71.3,1
753.43,34.79,55.21,0
629.09,30.62,76.69,1
472.41,25.34,42.43,1
422.93,34.95,46.68,1
920.36,26.11,68.8,0
396.19,34.25,70.4,1
513.72,18.62,45.19,1
480.57,20.68,44.34,1
839.81,25.29,62.95,0
443.65,27.24,39.04,1
720.46,36.09,81.25,0
591.54,29.32,38.62,1
803.94,20.09,69.97,0
803.7,26.26,39.03,0
844.94,25.13,78.17,0
439.99,22.85,54.21,1
870.46,25.46,65.97,0
467.47,25.4,73.04,1
776.03,27.22,45.9,0
580.86,33.1,45.68,1
984.18,37.28,79.16,0
484.75,24.55,73.58,1
612.73,38.3,40.35,1
637.8,37.82,70.85,1
827.5,29.81,38.87,0
960.29,30.53,79.9,0
952.54,30.12,77.6,0
732.48,34.82,43.09,0
717.69,24.14,48.93,0
622.64,28.2,67.51,1
472.36,27.41,77.93,1
516.48,22.07,46.53,1
489.69,30.04,80.63,1
931.48,21.74,38.29,0
768.61,29.04,76.75,0
591.36,25.54,62.91,1
406.0,36.17,56.41,1
970.11,19.85,69.92,0
820.98,19.57,42.87,0
413.82,21.68,76.95,1
632.23,23.89,45.24,1
745.19,31.1,43.17,0
768.54,29.76,71.18,0
340.19,28.01,78.37,1
954.35,23.75,73.55,0
910.21,30.37,43.26,0
982.05,37.32,72.92,0
502.83,21.58,55.86,1
917.49,23.06,42.67,0
335.35,28.45,39.5,1
646.24,21.37,53.67,1
953.33,24.86,39.35,0
467.16,28.13,71.87,1
617.06,28.15,55.54,1
843.21,27.9,46.22,0
626.84,20.36,53.03,1
436.42,26.94,40.23,1
353.0,34.72,44.42,1
448.92,36.27,60.54,1
575.82,22.84,47.55,1
862.08,26.01,58.12,0
835.53,22.59,63.14,0
918.09,34.45,70.28,0
371.41,26.57,59.46,1
594.77,30.04,54.77,1
502.42,24.96,43.82,1
900.06,35.11,67.32,0
871.69,28.61,78.32,0
705.88,38.84,42.16,0
812.82,33.32,66.38,0
431.08,30.8,71.21,1
670.26,20.35,46.98,1
884.45,32.98,66.14,0
548.29,33.24,47.22,1
413.44,30.88,43.39,1
786.8,36.17,62.86,0
754.28,25.92,43.36,0
805.02,20.22,76.05,0
640.1,38.24,58.38,1
698.39,21.2,77.8,0
831.51,24.87,45.04,0
918.6,37.69,49.78,0
394.92,22.92,62.38,1
338.92,23.25,40.81,1
847.71,18.82,41.17,0
956.42,28.1,62.13,0
445.11,28.36,74.64,1
414.42,24.92,77.96,1
537.79,28.06,67.39,1
820.43,22.35,43.58,0
715.31,34.4,42.53,0
888.89,21.86,75.0,0
415.56,19.4,81.01,1
327.57,35.44,65.91,1
499.74,24.49,72.16,1
898.56,28.81,78.64,0
795.85,20.15,39.18,0
537.67,24.64,57.13,1
407.25,22.35,39.1,1
782.64,26.61,58.19,0
679.61,29.33,53.82,1
668.05,24.56,48.11,1
815.66,32.78,54.92,0
867.41,36.47,59.79,0
891.05,20.29,44.28,0
559.76,18.53,78.16,1
834.22,27.46,53.04,0
732.76,28.2,52.17,0
624.57,26.08,64.22,1
457.13,38.99,51.17,1
371.75,26.13,50.52,1
356.9,26.23,67.98,1
444.99,26.52,61.74,1
676.87,19.85,38.38,1
666.21,24.46,65.82,1
595.21,31.55,62.43,1
682.41,26.55,52.28,0
613.13,25.15,40.54,1
693.26,19.24,69.94,0
346.72,30.15,76.99,1
629.44,32.91,38.83,1
604.45,20.01,72.03,1
960.26,29.26,58.49,0
625.13,36.32,57.3,1
622.48,28.64,77.84,1
482.19,38.1,64.73,1
473.94,36.13,77.87,1
501.92,22.6,48.68,1
580.17,24.11,64.76,1
467.37,29.79,54.1,1
699.87,33.24,71.12,0
825.48,24.59,77.91,0
541.24,22.98,64.31,1
517.78,20.16,60.33,1
404.41,31.05,75.39,1
548.03,22.75,81.01,1
916.03,33.06,65.68,0
944.93,35.55,60.28,0
579.63,27.06,39.86,1
318.41,29.42,45.23,1
326.35,30.03,59.48,1
414.64,20.05,71.52,1
732.44,22.15,58.4,0
838.62,18.82,78.49,0
946.41,35.25,40.02,0
697.1,25.88,49.62,0
574.86,27.61,39.47,1
641.81,28.0,79.82,1
494.84,28.76,45.76,1
405.51,23.46,50.78,1
524.76,26.96,66.8,1
454.28,21.91,64.21,1
344.56,26.89,42.22,1
645.51,25.26,58.31,1
567.87,24.78,70.12,1
562.91,25.12,43.65,1
946.75,35.48,76.11,0
512.61,27.95,60.92,1
423.57,19.77,74.38,1
717.98,21.04,45.94,0
503.81,32.66,55.98,1
630.97,36.51,67.76,1
837.13,21.66,59.26,0
914.62,23.42,49.75,0
772.22,33.15,62.62,0
781.97,23.08,63.77,0
657.04,22.65,75.48,1
801.08,31.88,55.5,0
920.95,23.05,64.5,0
629.91,27.55,75.98,1
726.46,32.74,72.19,0
856.88,37.78,41.41,0
723.48,37.53,63.8,0
640.04,33.84,52.63,1
727.38,30.22,57.11,0
683.9,28.67,77.84,0
464.02,20.86,44.98,1
347.11,23.5,49.37,1
476.82,28.13,46.8,1
476.31,19.02,66.46,1
956.59,36.18,48.19,0
652.92,31.63,66.27,1
625.28,37.42,60.65,1
826.4,30.09,70.19,0
567.15,22.47,77.2,1
775.52,28.42,69.12,0
959.0,26.22,45.35,0
382.44,35.75,68.88,1
776.88,19.69,58.49,0
652.06,18.74,60.42,1
800.42,25.21,68.06,0
872.54,19.73,78.96,0
480.07,21.02,53.52,1
857.95,36.95,47.54,0
667.01,28.2,43.5,1
444.91,33.78,66.04,1
559.64,27.54,62.9,1
974.01,35.51,43.99,0
883.91,35.97,57.79,0
755.52,25.47,80.79,0
411.73,29.68,65.3,1
486.82,22.56,64.99,1
342.85,28.33,40.7,1
931.72,24.38,54.57,0
420.71,35.72,54.88,1
743.58,31.81,43.94,0
437.27,20.23,41.84,1
397.65,18.58,47.38,1
760.04,20.13,46.5,0
332.92,25.05,58.31,1
317.25,19.73,54.35,1
808.04,32.73,75.73,0
321.95,27.94,66.18,1
537.24,19.57,72.1,1
778.97,26.94,62.06,0
741.11,26.86,46.28,0
891.29,38.29,39.31,0
965.36,22.39,38.1,0
719.8,28.05,42.6,0
954.96,23.47,55.03,0
498.28,36.83,66.95,1
747.99,34.73,73.6,0
534.14,36.76,66.0,1
843.83,21.85,72.01,0
640.63,27.81,71.53,1
746.24,23.75,71.0,0
508.28,32.93,41.46,1
474.84,36.13,55.85,1
590.69,34.06,54.57,1
583.62,30.2,73.49,1
521.86,31.81,56.53,1
652.42,25.18,70.38,1
984.32,18.02,43.29,0
942.36,32.36,59.22,0
907.3,35.29,40.65,0
790.82,24.02,73.25,0
975.54,31.05,59.62,0
680.64,21.47,64.15,1
771.28,24.49,61.12,0
473.87,25.76,68.91,1
498.4,29.6,58.21,1
673.09,33.34,52.21,1
395.64,25.71,56.47,1
685.44,30.76,69.09,0
425.64,30.64,59.42,1
916.66,30.1,58.59,0
410.42,35.73,44.78,1
407.06,27.18,47.21,1
671.58,25.44,45.12,1
832.04,27.7,67.83,0
638.55,20.32,68.29,1
730.51,25.23,54.74,0
420.75,25.53,59.87,1
541.74,30.2,45.54,1
974.34,31.24,57.68,0
501.23,36.45,72.71,1
574.35,36.64,60.71,1
726.81,18.36,46.8,0
911.4,36.92,45.0,0
968.54,28.54,70.79,0
760.89,35.48,46.69,0
562.66,36.78,78.27,1
672.11,35.96,70.94,1
837.4,37.56,53.81,0
406.69,32.38,68.6,1
840.13,26.26,39.93,0
734.47,25.89,56.74,0
629.44,20.34,71.98,1
851.69,38.7,56.81,0
911.43,38.91,64.13,0
575.55,35.35,43.92,1
507.72,29.89,55.26,1
917.98,34.91,38.38,0
577.97,32.96,75.35,1
702.22,36.94,69.31,0
700.52,33.47,67.42,0
762.65,21.6,50.85,0
885.65,38.9,45.33,0
971.73,38.15,52.26,0
498.7,32.04,54.49,1
975.62,28.21,74.47,0
916.58,28.65,53.18,0
783.91,23.99,38.19,0
413.71,18.72,54.43,1
554.14,28.61,47.59,1
867.94,33.38,70.98,0
390.4,26.67,75.2,1
927.91,25.69,69.55,0
515.08,25.71,55.42,1
957.92,33.96,43.36,0
619.34,27.97,63.52,1
372.85,22.2,41.1,1
836.73,23.32,57.68,0
604.98,32.15,72.31,1
380.89,19.89,44.95,1
692.39,23.79,67.17,0
696.12,27.4,64.91,0
812.77,34.45,48.9,0
489.96,23.87,74.2,1
904.01,36.44,45.94,0
492.31,26.03,77.86,1
453.67,26.84,50.03,1
809.11,20.41,73.71,0
687.61,35.78,38.9,0
850.47,21.02,51.87,0
332.06,19.06,60.8,1
861.76,38.66,39.23,0
855.4,30.19,77.54,0
721.18,22.7,43.93,0
435.05,28.47,76.21,1
442.87,23.11,71.51,1
709.42,36.39,58.36,0
840.33,24.33,40.73,0
534.62,24.72,60.5,1
702.32,31.6,68.78,0
446.75,32.99,75.87,1
460.84,26.54,72.3,1
743.1,34.58,43.05,0
599.67,33.97,59.91,1
425.87,20.13,60.39,1
779.38,32.99,56.39,0
715.66,27.79,42.29,0
802.95,26.98,78.19,0
376.16,33.6,50.2,1
577.45,28.0,63.57,1
399.39,30.79,42.72,1
787.06,23.14,71.21,0
947.63,27.65,42.73,0
651.2,33.14,54.51,1
742.99,22.91,72.07,0
489.65,23.41,38.54,1
367.81,25.82,50.68,1
319.25,28.94,77.34,1
874.06,34.91,74.56,0
623.36,23.93,56.21,1
699.24,35.71,62.89,0
984.83,31.23,75.18,0
903.63,28.45,40.19,0
757.14,25.83,59.81,0
860.35,27.02,62.15,0
770.39,28.08,71.19,0
484.19,22.48,39.14,1
678.65,20.02,60.86,1
724.27,34.44,55.37,0
671.76,24.35,60.26,1
360.09,33.87,39.0,1
461.31,18.79,41.99,1
629.39,36.45,49.92,1
566.81,20.27,55.73,1
721.97,18.18,70.05,0
437.98,26.23,69.51,1
699.95,27.39,58.22,0
833.34,18.7,50.45,0
795.6,18.05,47.49,0
686.8,26.5,49.94,0
648.43,18.19,46.52,1
898.0,25.65,46.33,0
712.95,27.78,72.42,0
711.54,21.23,62.27,0
609.18,35.28,49.99,1
435.15,25.8,70.01,1
755.96,32.8,55.26,0
465.37,32.73,76.95,1
910.43,19.68,64.79,0
768.93,27.05,55.2,0
706.54,26.27,78.69,0
867.34,36.08,44.21,0
663.49,21.84,38.99,1
516.93,34.21,73.78,1
820.93,36.49,62.93,0
435.14,33.43,76.16,1
510.69,18.32,62.32,1
505.35,30.17,48.95,1
969.35,20.63,60.58,0
767.05,23.08,57.67,0
503.28,36.2,53.26,1
694.47,18.38,44.27,0
379.92,34.31,50.57,1
748.52,24.92,46.09,0
337.12,27.1,46.51,1
757.69,36.0,78.87,0
506.79,28.44,38.01,1
586.56,37.46,61.78,1
782.49,26.5,61.84,0
715.11,32.55,59.8,0
414.6,18.65,52.78,1
428.76,18.86,39.49,1
879.45,29.53,73.86,0
430.87,37.33,58.68,1
326.95,26.97,46.69,1
531.66,37.18,80.54,1
590.07,19.62,59.09,1
788.5,37.18,51.02,0
464.18,29.03,70.12,1
969.21,28.17,55.07,0
595.26,19.42,74.87,1
902.96,38.47,52.52,0
893.65,20.58,58.14,0
519.85,33.06,67.53,1
772.58,22.67,55.62,0
670.57,29.18,55.83,1
788.96,25.24,47.72,0
773.03,24.31,47.04,0
800.75,30.19,73.17,0
623.63,30.21,68.43,1
708.81,22.92,74.94,0
584.65,28.5,78.39,1
879.45,38.95,46.13,0
503.17,36.85,49.09,1
530.25,30.8,76.33,1
666.55,20.18,48.25,1
871.57,29.18,40.76,0
357.12,29.46,80.93,1
591.6,27.99,70.84,1
813.5,31.27,70.24,0
762.08,32.11,58.09,0
415.23,21.01,44.2,1
551.3,23.46,71.58,1
853.67,36.5,62.63,0
705.84,35.38,62.9,0
491.42,20.86,80.96,1
782.08,37.89,58.59,0
387.24,26.75,58.31,1
876.69,30.09,42.0,0
639.47,28.99,38.43,1
539.62,31.66,52.36,1
892.15,26.14,38.32,0
342.87,27.29,66.8,1
396.3,21.58,46.76,1
671.33,18.71,57.54,1
794.71,20.05,56.83,0
674.92,38.15,60.22,1
344.5,25.95,60.29,1
513.9,26.84,38.44,1
865.11,25.98,73.64,0
589.04,32.3,80.33,1
407.08,37.31,76.49,1
323.15,38.21,50.07,1
798.53,27.15,60.94,0
811.18,30.18,70.42,0
700.17,36.45,72.51,0
594.39,33.61,68.16,1
693.49,23.54,65.95,0
720.02,19.75,53.54,0
597.43,19.23,73.51,1
425.34,31.25,75.94,1
425.04,35.69,68.36,1
574.56,29.15,55.82,1
900.74,24.83,44.73,0
499.92,36.31,73.76,1
738.65,38.36,65.2,0
892.35,23.62,63.37,0
343.87,28.44,46.79,1
833.69,25.48,63.93,0
422.56,33.1,42.17,1
374.02,35.69,71.29,1
440.6,38.05,63.15,1
842.76,19.58,80.83,0
761.65,29.31,54.1,0
323.18,38.64,53.17,1
468.53,38.55,65.37,1
707.32,27.29,69.64,0
806.01,36.71,54.46,0
965.89,30.75,38.97,0
328.63,29.85,57.51,1
440.31,27.94,43.0,1
475.65,32.1,38.36,1
709.54,22.79,49.34,0
750.92,23.21,74.36,0
862.93,19.48,51.31,0
981.49,21.67,43.24,0
812.07,29.31,48.36,0
521.27,31.2,65.91,1
927.13,25.02,48.14,0
355.39,29.73,71.26,1
362.82,29.48,58.75,1
904.06,18.26,56.58,0
872.09,35.68,41.11,0
341.66,36.73,52.26,1
357.33,22.17,50.12,1
942.78,19.99,56.93,0
425.99,36.87,67.45,1
395.9,22.13,59.15,1
966.08,34.56,45.65,0
667.41,32.4,48.24,1
814.36,26.63,55.08,0
340.46,18.83,67.22,1
400.21,21.4,50.04,1
662.35,35.73,65.11,1
599.73,38.3,67.58,1
423.24,25.64,47.29,1
618.71,37.76,44.16,1
484.63,28.9,41.41,1
953.13,24.2,43.93,0
424.41,24.65,74.75,1
782.24,27.09,39.38,0
572.88,18.47,74.25,1
675.48,18.08,58.1,1
863.29,28.2,46.45,0
607.86,37.42,68.94,1
876.64,22.28,73.54,0
332.08,21.01,70.66,1
731.0,37.94,44.71,0
606.46,32.65,41.47,1
432.68,38.07,69.15,1
804.57,35.24,78.8,0
982.19,31.08,45.84,0
797.35,24.19,45.79,0
931.78,22.68,77.71,0
407.26,26.3,58.39,1
839.59,18.06,44.3,0
732.96,20.08,55.15,0
345.08,31.9,54.39,1
367.92,24.73,40.17,1
522.47,21.09,48.25,1
470.8,28.21,56.03,1
886.56,30.52,57.57,0
468.83,31.45,67.24,1
885.94,21.9,67.48,0
422.46,23.98,40.03,1
552.26,24.48,76.15,1
397.64,22.99,77.66,1
742.25,31.26,76.27,0
950.24,25.57,38.2,0
976.38,30.45,66.58,0
546.96,18.23,55.69,1
814.11,20.52,71.79,0
718.45,32.27,67.9,0
975.25,36.75,41.08,0
452.38,24.76,77.72,1
980.76,32.43,68.97,0
879.68,27.51,80.52,0
897.61,26.71,80.45,0
726.74,38.64,58.99,0
846.49,20.98,42.98,0
846.76,25.27,61.09,0
918.05,34.01,73.72,0
954.1,37.84,50.41,0
645.42,33.59,55.66,1
762.21,31.26,41.83,0
557.74,30.71,71.19,1
360.33,24.62,71.88,1
527.62,30.83,79.57,1
673.97,28.49,78.77,1
649.18,18.37,67.49,1
643.53,31.08,66.48,1
658.13,19.41,77.83,1
983.37,23.48,65.8,0
977.78,33.61,79.72,0
686.67,23.89,80.09,0
561.22,34.37,70.77,1
680.02,18.48,70.98,1
376.74,33.3,75.72,1
747.0,25.3,65.69,0
636.56,37.93,55.04,1
760.53,24.93,47.48,0
886.44,35.12,41.74,0
461.29,32.97,59.1,1
804.15,20.14,64.11,0
702.22,22.25,69.82,0
899.29,37.9,73.22,0
828.28,28.32,70.89,0
713.29,27.71,71.01,0
720.74,19.73,66.21,0
778.88,23.2,67.83,0
728.88,29.98,75.98,0
491.04,37.86,59.36,1
696.37,23.35,65.05,0
786.35,19.32,50.26,0
326.04,26.65,41.13,1
596.33,36.85,74.1,1
838.33,26.08,58.79,0
380.13,24.58,43.27,1
401.3,30.43,53.56,1
722.51,19.62,72.7,0
647.23,19.07,62.47,1
516.69,22.92,50.69,1
890.67,22.29,60.07,0
494.77,37.34,49.59,1
426.43,24.63,42.43,1
483.06,27.34,48.8,1
781.4,19.08,80.36,0
874.68,31.52,77.82,0
329.49,29.7,43.41,1
413.28,27.05,54.74,1
876.94,21.7,41.62,0
485.76,25.08,59.95,1
599.02,30.67,39.14,1
446.02,28.57,62.48,1
773.29,20.11,58.88,0
919.53,28.41,80.96,0
372.49,23.87,71.34,1
865.56,35.43,54.41,0
396.63,26.64,72.51,1
617.52,25.22,63.35,1
379.17,28.8,45.61,1
675.33,36.07,63.81,1
436.58,23.93,56.64,1
369.41,24.99,42.08,1
425.69,19.73,57.54,1
622.22,35.41,70.12,1
739.95,38.48,50.13,0
707.19,25.01,62.77,0
617.67,32.51,40.65,1
795.5,26.02,48.89,0
788.13,31.38,43.07,0
770.97,30.98,48.74,0
829.27,29.34,48.77,0
453.48,20.14,75.3,1
734.01,37.22,63.89,0
641.45,26.92,78.38,1
585.95,30.52,43.61,1
968.1,30.89,48.62,0
511.52,33.57,80.73,1
536.51,25.93,51.98,1
874.35,36.68,56.82,0
410.54,32.73,56.24,1
634.3,36.37,53.98,1
796.47,34.8,73.62,0
675.3,29.09,59.27,1
498.6,29.64,50.18,1
790.62,32.48,62.11,0
464.38,27.01,56.75,1
608.43,20.01,44.93,1
723.2,25.91,50.52,0
569.53,29.46,55.45,1
756.41,27.51,52.98,0
753.16,20.3,69.96,0
732.81,26.9,50.75,0
535.85,24.74,42.66,1
836.73,26.61,76.25,0
896.92,23.17,49.68,0
430.89,27.08,77.42,1
822.6,27.28,78.8,0
833.78,35.03,77.8,0
352.32,25.54,56.56,1
376.94,27.46,76.26,1
318.36,21.05,74.72,1
413.13,20.4,42.87,1
582.28,18.01,70.75,1
343.76,35.32,72.54,1
392.17,21.42,51.55,1
829.5,34.41,73.95,0
814.58,18.93,62.47,0
509.18,20.03,73.34,1
733.89,36.6,72.98,0
852.53,32.09,51.42,0
537.88,26.84,38.85,1
395.24,37.16,80.04,1
951.78,37.68,39.52,0
573.0,36.46,42.75,1
399.35,26.13,41.72,1
715.75,38.02,52.37,0
551.58,36.83,51.41,1
879.11,22.51,60.13,0
425.84,22.74,62.5,1
588.71,25.62,73.99,1
610.59,23.33,46.66,1
796.04,25.55,76.45,0
411.87,29.64,52.74,1
786.58,33.76,55.75,0
882.92,21.9,71.56,0
790.98,24.24,74.72,0
375.16,34.92,43.34,1
765.1,27.09,41.12,0
645.88,37.29,78.86,1
673.6,35.68,69.92,1
324.28,26.03,76.35,1
771.27,28.43,70.67,0
481.63,30.43,63.25,1
501.41,36.22,47.85,1
398.32,20.59,56.37,1
614.76,34.08,48.59,1
849.06,27.17,65.27,0
772.56,38.13,39.85,0
741.41,18.66,41.03,0
922.86,31.89,61.01,0
816.31,38.23,69.13,0
847.65,20.56,48.34,0
411.56,30.99,39.53,1
772.35,29.71,79.67,0
593.6,20.56,78.01,1
745.32,31.82,77.16,0
563.56,22.54,66.68,1
426.96,26.83,43.11,1
618.06,34.2,66.39,1
958.28,30.39,69.53,0
805.87,33.97,77.55,0
325.72,28.8,71.46,1
334.57,19.35,60.03,1
900.06,35.99,70.56,0
879.44,24.99,62.26,0
405.43,36.83,48.09,1
898.59,38.13,74.73,0
792.91,27.29,73.47,0
612.47,20.46,61.8,1
461.86,33.25,52.4,1
870.78,30.29,47.95,0
671.15,32.88,62.58,1
974.07,31.61,63.04,0
718.49,29.22,77.42,0
904.75,35.37,66.13,0
981.56,25.5,66.9,0
629.32,20.91,75.92,1
645.7,33.77,61.34,1
447.24,20.19,44.47,1
951.41,26.16,50.14,0
842.77,26.43,38.74,0
756.7,33.63,49.57,0
917.66,36.41,70.44,0
487.57,36.95,62.45,1
795.69,37.98,45.34,0
702.34,32.09,70.76,0
955.25,20.86,74.07,0
491.16,23.34,42.57,1
662.47,29.51,74.27,1
341.09,38.5,50.7,1
696.66,24.61,72.35,0
410.13,26.27,50.23,1
922.53,24.39,44.88,0
843.02,18.24,60.79,0
917.31,38.53,65.65,0
763.04,31.56,46.44,0
868.05,28.08,58.79,0
932.66,26.96,56.94,0
981.09,20.85,39.41,0
601.51,38.52,70.88,1
538.49,33.79,56.47,1
544.78,35.58,57.16,1
543.28,34.92,42.49,1
775.84,18.34,60.33,0
466.91,26.47,54.13,1
533.5,24.42,39.68,1
776.46,27.83,51.53,0
541.58,21.11,62.74,1
331.47,26.54,76.45,1
612.75,35.13,57.55,1
427.86,28.41,46.67,1
561.75,38.05,57.53,1
365.97,31.25,42.94,1
697.07,29.58,65.55,0
484.91,19.55,49.18,1
652.39,38.17,45.63,1
625.05,32.88,55.59,1
952.38,28.81,65.02,0
452.14,19.55,69.04,1
345.65,27.42,49.96,1
943.4,35.89,53.82,0
862.07,24.44,56.71,0
714.08,27.77,56.73,0
763.81,34.64,78.42,0
608.12,22.86,78.58,1
800.52,32.55,57.69,0
486.17,28.42,62.53,1
762.96,34.25,48.56,0
793.13,32.57,54.25,0
601.05,23.53,65.18,1
455.5,18.39,57.02,1
731.85,24.63,49.65,0
335.04,18.76,45.45,1
717.74,34.5,51.69,0
885.82,20.53,64.09,0
763.71,24.32,53.59,0
914.45,29.51,46.15,0
852.75,21.96,80.5,0
614.26,29.04,45.9,1
490.57,18.28,44.51,1
956.49,28.22,69.24,0
455.94,29.0,39.48,1
364.16,27.19,41.96,1
753.2,19.58,63.52,0
623.21,31.6,51.93,1
451.77,20.8,79.54,1
979.3,38.84,69.98,0
571.38,25.81,78.37,1
585.07,30.78,45.6,1
430.54,23.47,64.86,1
416.55,27.55,52.37,1
700.85,21.66,52.64,0
612.59,33.52,75.65,1
600.5,30.18,40.39,1
779.74,38.39,68.87,0
591.66,28.24,39.21,1
329.16,25.54,56.31,1
470.93,28.63,69.68,1
809.53,22.58,79.9,0
679.95,35.18,44.56,1
641.91,19.18,71.36,1
538.75,27.21,59.92,1
759.32,19.88,61.84,0
978.18,29.8,42.28,0
861.44,38.6,39.57,0
340.24,38.21,63.82,1
381.14,18.11,79.63,1
895.81,26.41,51.83,0
472.57,33.35,76.85,1
926.07,28.65,80.58,0
483.57,25.55,64.29,1
476.55,29.01,38.83,1
679.52,37.77,67.36,1
677.75,37.04,41.94,1
350.84,27.02,50.68,1
786.73,36.92,73.32,0
412.95,27.19,44.91,1
739.95,38.49,55.75,0
412.09,21.12,55.3,1
721.09,35.66,41.37,0
746.72,18.37,62.13,0
537.43,24.04,62.47,1
586.77,28.41,80.36,1
349.25,36.48,70.16,1
734.53,36.65,49.78,0
364.6,19.09,64.74,1
361.86,28.99,62.15,1
834.75,28.25,40.92,0
933.65,31.82,53.14,0
712.27,31.48,38.38,0
422.85,27.38,46.39,1
809.39,26.33,52.37,0
502.99,30.74,45.55,1
521.37,20.39,78.38,1
613.24,37.64,47.3,1
558.7,30.26,49.01,1
359.32,19.95,69.01,1
680.89,20.25,42.35,1
666.23,33.91,63.83,1
391.13,18.17,66.77,1
849.46,38.74,71.39,0
867.41,32.78,58.37,0
561.58,20.57,78.26,1
473.07,33.52,61.97,1
886.48,36.48,46.3,0
876.94,19.15,63.9,0
981.19,30.65,55.84,0
761.59,23.18,44.88,0
707.11,22.13,46.65,0
472.9,20.8,47.71,1
833.78,22.34,64.64,0
533.1,38.8,46.54,1
404.57,37.65,42.84,1
453.95,28.58,41.45,1
786.59,30.83,76.48,0
666.23,32.73,56.41,1
532.74,26.34,45.85,1
666.73,32.57,73.03,1
939.93,26.73,69.86,0
843.83,35.56,69.63,0
868.11,22.37,41.12,0
908.9,21.69,48.28,0
828.16,26.92,42.29,0
849.1,29.0,52.26,0
438.55,36.68,76.47,1
983.88,32.71,65.36,0
644.83,18.66,40.0,1
782.34,18.97,78.2,0
765.38,33.64,40.07,0
329.05,22.84,80.78,1
856.69,22.84,53.66,0
449.78,32.12,79.83,1
850.08,28.54,72.5,0
889.2,31.78,79.16,0
701.45,18.91,66.23,0
733.17,37.59,50.32,0
503.04,23.02,64.28,1
895.23,36.63,54.17,0
466.33,26.33,57.87,1
974.29,21.09,69.3,0
961.73,22.42,58.62,0
615.08,28.18,38.55,1
833.84,25.46,50.43,0
646.76,18.0,59.12,1
590.05,32.98,76.74,1
784.32,28.36,43.4,0
450.92,20.81,53.33,1
775.85,20.72,72.19,0
884.7,26.81,61.38,0
709.91,30.69,57.52,0
910.68,20.48,59.0,0
766.15,28.4,69.87,0
335.3,26.97,41.84,1
447.69,33.2,69.33,1
915.98,28.53,38.74,0
936.38,28.85,52.18,0
775.17,38.57,78.51,0
964.89,21.81,38.49,0
630.64,34.2,74.34,1
825.37,19.0,63.29,0
587.94,21.36,67.12,1
885.89,27.45,60.95,0
822.89,33.06,44.7,0
493.06,34.49,76.61,1
481.98,20.02,41.36,1
567.63,32.63,63.37,1
482.11,38.1,45.71,1
384.33,33.95,76.99,1
934.2,18.06,63.58,0
943.17,36.48,38.43,0
368.93,33.43,76.52,1
928.77,20.08,52.77,0
643.59,34.47,72.82,1
429.83,33.96,80.17,1
629.47,33.48,53.43,1
493.28,18.07,49.01,1
664.31,33.25,80.5,1
789.17,29.79,52.76,0
953.01,23.57,49.9,0
606.11,20.97,66.68,1
438.85,28.78,56.71,1
625.25,19.47,66.72,1
487.04,22.06,39.69,1
686.79,34.3,51.05,0
386.03,29.07,51.39,1
651.84,30.04,47.15,1
919.44,33.03,69.76,0
921.23,37.73,49.49,0
638.72,24.82,77.19,1
399.42,21.84,58.41,1
433.77,24.18,50.29,1
498.52,38.29,75.89,1
714.47,37.39,41.19,0
529.82,37.91,59.17,1
464.54,34.28,64.26,1
660.08,33.69,61.64,1
527.2,18.07,57.74,1
674.14,24.46,76.91,1
804.28,35.0,55.58,0
926.58,30.01,60.08,0
772.48,22.16,62.92,0
936.62,30.08,68.19,0
853.57,38.94,44.44,0
351.13,26.05,63.92,1
934.26,31.03,63.0,0
467.96,31.34,79.39,1
465.6,18.9,64.89,1
827.1,32.31,51.48,0
359.63,18.4,53.51,1
842.49,20.27,48.11,0
608.05,27.47,49.07,1
474.95,36.44,39.06,1
850.48,36.9,46.18,0
577.68,20.42,49.67,1
728.13,27.69,48.99,0
652.25,20.05,51.61,1
828.85,24.42,48.24,0
657.5,22.22,58.5,1
489.44,30.64,41.6,1
549.12,35.27,50.32,1
482.26,20.52,47.22,1
915.85,18.32,81.14,0
547.73,27.4,74.05,1
741.22,38.02,54.97,0
826.17,32.4,57.72,0
666.19,31.33,75.0,1
581.04,37.01,54.54,1
333.92,36.08,47.14,1
773.11,27.51,66.53,0
811.61,24.45,54.97,0
514.42,28.9,56.99,1
745.97,26.89,61.47,0
485.51,20.29,49.63,1
549.88,22.98,43.75,1
669.06,22.19,73.01,1
762.27,26.04,62.41,0
923.69,20.68,48.88,0
819.19,38.88,68.38,0
655.86,31.4,77.09,1
404.25,38.1,53.92,1
481.88,33.34,49.84,1
459.43,26.11,66.65,1
709.86,30.54,47.17,0
467.94,18.06,42.57,1
915.18,38.9,66.93,0
451.8,22.92,40.07,1
941.5,24.28,62.2,0
712.26,26.31,72.03,0
343.1,34.87,54.73,1
498.26,19.85,41.2,1
701.48,29.29,54.94,0
439.94,30.91,47.11,1
388.67,29.95,40.17,1
538.32,36.57,57.22,1
456.52,34.74,73.6,1
750.67,29.29,65.59,0
979.62,36.65,45.11,0
354.35,31.61,68.52,1
818.3,38.46,72.03,0
339.23,29.27,60.96,1
778.66,32.67,55.44,0
760.93,32.55,51.21,0
842.55,28.92,52.57,0
432.45,37.44,63.6,1
342.34,23.52,62.55,1
484.59,38.17,75.89,1
501.97,31.25,62.98,1
793.02,18.05,78.46,0
853.12,35.94,39.16,0
747.96,21.25,71.1,0
934.47,22.32,42.28,0
469.23,23.88,68.17,1
887.9,27.07,52.79,0
543.9,21.6,47.56,1
480.04,37.51,51.12,1
498.35,28.21,40.52,1
876.44,23.39,64.95,0
681.21,23.14,64.33,1
829.29,23.43,51.41,0
931.4,37.86,41.64,0
599.5,32.1,58.43,1
830.3,24.72,76.19,0
953.01,38.32,41.07,0
844.19,32.2,58.09,0
316.2,35.59,70.76,1
495.11,18.72,51.32,1
596.22,36.3,77.47,1
858.81,23.81,42.92,0
826.03,20.67,52.71,0
943.09,34.36,81.14,0
591.54,25.63,49.17,1
723.76,22.06,71.74,0
940.74,32.68,38.8,0
616.4,25.89,38.91,1
638.65,22.85,66.58,1
317.88,26.65,77.47,1
474.87,26.62,66.14,1
643.94,36.0,44.06,1
877.86,31.17,51.97,0
780.3,32.55,51.81,0
317.0,29.81,39.8,1
501.35,26.58,77.97,1
967.1,31.63,79.99,0
572.4,29.35,74.63,1
619.39,23.68,80.3,1
485.7,25.79,58.58,1
613.82,35.36,43.47,1
641.51,26.18,49.69,1
560.9,25.24,58.62,1
384.36,24.72,48.46,1
911.84,22.91,81.18,0
691.23,29.25,78.14,0
405.77,23.36,67.76,1
658.47,36.41,72.09,1
483.94,21.66,46.57,1
616.09,32.95,45.98,1
709.33,38.98,53.19,0
629.58,33.4,51.7,1
451.91,32.67,73.68,1
442.43,38.02,62.54,1
580.92,26.92,57.5,1
934.43,20.71,46.28,0
689.39,19.77,50.75,0
533.16,21.65,60.14,1
464.76,37.72,61.31,1
984.51,25.98,68.78,0
906.72,33.85,42.87,0
835.17,21.63,79.68,0
970.68,19.3,72.72,0
395.51,20.42,55.95,1
819.24,23.72,41.07,0
712.6,37.96,74.52,0
404.68,23.49,80.87,1
638.44,27.97,67.15,1
727.27,28.97,74.63,0
714.79,34.41,53.74,0
664.65,28.19,54.95,1
830.36,20.21,46.44,0
974.18,35.17,59.31,0
882.7,23.01,75.11,0
548.01,28.28,38.53,1
863.71,28.71,55.54,0
546.76,32.75,79.46,1
631.2,28.9,63.98,1
465.23,31.77,49.05,1
914.87,20.74,71.88,0
681.06,29.08,52.64,1
981.13,24.8,53.27,0
659.48,26.24,81.09,1
400.9,30.36,57.93,1
954.13,23.32,67.02,0
390.23,30.03,48.19,1
659.94,31.05,72.79,1
660.44,32.44,44.78,1
772.49,19.53,53.63,0
477.66,18.85,58.49,1
477.43,21.59,65.06,1
624.24,22.52,64.03,1
471.0,31.98,38.54,1
918.76,33.84,65.4,0
972.26,32.03,38.83,0
588.27,29.41,48.83,1
913.85,36.97,53.82,0
736.6,32.94,43.55,0
532.9,20.37,67.3,1
878.49,20.72,58.03,0
715.8,22.08,77.08,0
530.5,18.41,74.69,1
755.59,32.9,39.74,0
749.21,31.64,44.11,0
581.76,21.16,62.85,1
748.65,37.64,68.09,0
714.23,21.15,75.73,0
688.75,25.39,69.05,0
594.15,18.06,40.27,1
840.85,25.13,59.33,0
437.37,32.34,51.43,1
414.89,28.63,74.46,1
474.11,23.56,54.95,1
395.9,35.17,51.46,1
702.87,26.53,46.24,0
636.11,27.77,56.95,1
705.0,30.61,75.63,0
621.97,23.25,38.06,1
561.08,31.41,47.17,1
430.49,20.87,40.86,1
539.18,36.56,66.53,1
782.05,29.79,45.24,0
943.61,36.85,79.29,0
636.29,18.37,51.09,1
717.62,36.08,66.02,0
521.35,38.54,75.64,1
735.93,31.39,70.05,0
606.66,29.69,75.04,1
608.62,25.62,59.11,1
925.45,31.3,64.33,0
596.36,35.28,64.08,1
768.0,26.66,73.76,0
802.08,30.11,68.3,0
731.4,25.26,71.05,0
327.63,34.87,47.4,1
968.63,38.85,60.68,0
545.94,35.17,39.58,1
536.86,28.24,72.62,1
621.8,25.01,64.55,1
359.34,26.27,42.75,1
687.54,34.17,69.49,0
407.11,30.9,55.18,1
783.22,21.88,79.34,0
323.68,35.05,51.92,1
689.29,31.1,51.53,0
377.36,22.55,75.55,1
786.38,35.01,68.69,0
885.09,29.08,47.83,0
952.01,33.91,41.3,0
823.69,18.99,56.31,0
378.64,18.39,47.75,1
523.07,36.52,72.37,1
867.93,37.53,69.29,0
328.27,27.66,51.89,1
700.86,28.02,57.04,0
630.76,28.93,66.45,1
818.23,30.17,66.57,0
889.93,32.14,63.12,0
369.69,25.19,46.49,1
837.9,33.99,71.01,0
640.69,20.29,48.47,1
393.46,29.2,52.64,1
967.73,33.75,63.98,0
603.62,31.94,46.57,1
369.88,30.3,70.15,1
448.79,37.72,49.62,1
790.66,21.14,79.11,0
822.03,18.67,47.97,0
796.77,20.19,73.75,0
505.91,31.66,75.05,1
618.11,26.62,79.65,1
860.06,30.39,63.52,0
832.48,32.79,51.71,0
496.82,25.55,79.98,1
866.19,26.91,51.0,0
634.42,38.78,44.31,1
442.1,18.23,62.72,1
919.95,29.78,48.43,0
577.41,20.54,77.24,1
938.16,18.85,62.91,0
589.37,38.03,57.58,1
389.9,23.34,68.32,1
778.34,27.77,40.37,0
861.42,31.03,79.77,0
634.91,31.98,51.25,1
382.31,19.99,79.51,1
775.05,22.32,46.85,0
366.84,38.44,41.76,1
386.52,21.72,41.59,1
717.51,18.71,53.57,0
716.0,38.05,71.13,0
830.73,27.52,61.73,0
950.9,30.47,48.35,0
805.28,26.53,64.91,0
812.31,37.34,76.46,0
700.83,35.01,56.43,0
627.99,36.85,78.55,1
929.98,31.16,77.86,0
479.33,22.6,54.66,1
949.11,25.43,73.62,0
956.63,20.09,60.0,0
549.83,26.92,48.29,1
567.04,30.22,79.87,1
858.7,24.18,58.43,0
876.81,21.27,48.31,0
723.45,32.9,59.76,0
776.91,34.12,70.14,0
921.04,36.29,78.42,0
518.3,28.1,75.96,1
463.33,25.0,43.61,1
577.59,30.19,74.89,1
882.46,22.76,51.82,0
965.96,20.57,49.28,0
775.37,18.42,57.8,0
966.06,33.19,66.17,0
779.51,23.88,76.68,0
652.52,22.09,39.35,1
454.95,19.64,52.08,1
921.95,30.17,64.0,0
870.53,21.76,56.25,0
566.04,37.56,75.23,1
922.86,23.44,57.66,0
369.15,32.04,58.12,1
375.2,30.98,48.39,1
569.47,30.26,70.46,1
920.92,28.85,79.58,0
688.1,26.25,75.33,0
556.28,37.96,78.35,1
945.65,37.9,55.22,0
845.07,29.89,43.2,0
568.73,32.55,57.3,1
703.4,31.47,54.65,0
533.57,30.51,56.46,1
912.03,26.5,71.28,0
652.09,30.24,61.6,1
597.35,37.79,63.76,1
913.18,18.31,55.69,0
890.04,35.1,67.75,0
382.13,38.84,60.47,1
800.76,29.16,46.29,0
695.72,27.52,58.88,0
471.74,33.72,77.87,1
627.17,26.05,68.11,1
956.32,19.23,61.05,0
809.42,24.28,41.16,0
377.06,29.48,73.53,1
910.68,37.41,42.74,0
519.42,22.28,59.92,1
843.82,24.32,77.55,0
403.13,19.79,67.35,1
608.87,31.86,70.49,1
779.68,23.68,64.17,0
512.73,33.86,53.7,1
617.01,37.46,71.88,1
750.88,26.02,72.9,0
586.27,32.78,79.4,1
659.06,35.5,71.15,1
423.66,26.93,50.31,1
646.27,36.55,41.66,1
852.16,24.17,69.12,0
731.41,18.72,48.28,0
800.88,30.06,69.97,0
664.18,31.19,60.49,1
787.16,21.65,55.73,0
662.59,36.02,51.49,1
740.92,37.72,54.81,0
503.58,20.09,46.8,1
506.63,34.15,49.63,1
379.19,36.09,69.93,1
614.14,22.96,47.21,1
413.44,38.87,70.23,1
778.32,29.25,70.71,0
958.29,32.8,39.31,0
955.45,25.14,61.09,0
814.38,29.06,50.58,0
858.0,22.62,80.11,0
612.08,35.1,75.47,1
781.35,38.64,78.3,0
500.78,38.93,60.18,1
579.6,28.06,65.7,1
689.23,21.76,45.25,0
699.03,37.97,58.17,0
596.03,27.36,53.25,1
502.54,36.59,47.52,1
556.6,21.75,71.82,1
749.57,25.97,66.57,0
686.94,29.89,67.18,0
560.39,20.94,73.97,1
579.05,33.59,54.18,1
662.91,31.53,63.59,1
711.47,21.36,47.66,0
461.41,18.04,72.03,1
601.53,26.53,38.47,1
873.81,27.29,50.66,0
890.63,20.21,77.32,0
594.19,37.38,79.74,1
691.5,22.57,65.58,0
816.66,28.19,47.33,0
439.0,25.0,63.23,1
808.97,18.02,43.59,0
931.99,24.44,68.09,0
462.41,31.32,69.53,1
409.44,19.4,40.64,1
738.07,30.58,60.29,0
959.48,22.52,52.7,0
813.34,28.36,55.94,0
368.02,22.09,75.38,1
952.04,30.58,42.49,0
558.17,32.58,71.81,1
548.99,22.76,48.96,1
879.27,18.11,53.21,0
460.39,30.33,58.39,1
945.29,32.41,59.1,0
934.08,34.77,52.91,0
438.41,30.8,76.09,1
436.48,25.26,73.78,1
540.96,37.08,75.31,1
974.76,33.95,66.51,0
826.79,35.65,59.58,0
904.82,22.35,48.24,0
943.63,31.79,55.63,0
411.77,34.81,45.97,1
983.48,19.38,55.4,0
581.7,29.91,58.39,1
652.67,21.06,60.34,1
531.65,37.21,75.78,1
722.11,22.27,53.14,0
641.63,28.37,70.31,1
813.64,18.04,56.69,0
664.24,26.9,43.33,1
589.34,18.99,64.57,1
869.05,37.36,55.81,0
649.39,19.67,62.71,1
744.29,37.06,51.92,0
817.93,20.01,74.54,0
984.45,31.08,67.65,0
757.94,20.72,38.57,0
849.99,36.69,80.96,0
415.29,23.38,74.35,1
702.99,36.3,80.39,0
638.72,24.36,43.44,1
345.22,25.96,68.83,1
706.36,26.51,74.09,0
825.3,25.42,49.76,0
852.17,21.4,80.41,0
586.47,23.03,73.43,1
573.34,33.05,43.28,1
845.68,21.66,54.12,0
923.98,37.88,70.11,0
640.26,25.46,52.17,1
668.24,21.52,74.43,1
731.97,38.51,46.0,0
869.43,23.36,67.11,0
965.58,24.57,40.33,0
616.11,26.58,69.03,1
818.7,27.45,61.13,0
884.82,19.09,76.48,0
605.28,32.43,43.56,1
727.74,25.05,49.92,0
866.16,30.17,58.31,0
670.48,36.81,78.64,1
968.9,38.97,54.47,0
582.95,24.19,48.05,1
604.43,26.98,39.12,1
435.87,31.04,79.98,1
556.71,30.76,79.16,1
855.57,24.72,59.61,0
596.67,31.53,48.73,1
444.45,25.8,39.22,1
968.35,26.49,53.37,0
330.66,34.42,50.99,1
714.51,24.73,57.9,0
451.49,29.99,55.72,1
688.88,35.36,58.73,0
562.21,28.99,71.54,1
488.09,23.42,43.95,1
697.93,29.7,45.82,0
781.92,33.31,55.22,0
957.51,18.42,40.29,0
740.28,34.85,50.76,0
936.54,27.34,46.05,0
652.9,21.61,47.29,1
741.01,20.62,79.01,0
898.97,34.44,60.78,0
891.8,35.15,54.7,0
365.25,21.88,62.81,1
923.33,28.28,38.46,0
872.75,19.04,53.05,0
617.81,33.75,78.9,1
570.83,29.79,38.48,1
773.8,27.67,78.44,0
466.28,19.92,54.39,1
927.65,30.88,75.25,0
515.66,38.14,48.65,1
438.57,34.8,59.96,1
494.62,23.18,47.89,1
927.2,23.99,62.64,0
504.28,27.66,71.62,1
683.58,35.86,64.87,0
695.41,33.97,77.07,0
948.71,36.24,46.58,0
821.85,21.6,45.59,0
508.11,33.19,51.8,1
962.35,27.93,38.18,0
456.88,25.74,46.62,1
659.01,30.56,52.29,1
545.12,19.42,58.76,1
796.21,19.57,79.62,0
942.61,24.63,59.25,0
382.97,21.0,59.02,1
694.9,25.26,49.65,0
403.12,29.51,50.9,1
511.49,36.56,51.77,1
936.53,26.25,56.27,0
789.46,38.56,73.57,0
884.53,29.25,43.3,0
707.49,21.62,58.49,0
643.44,23.71,73.05,1
945.61,24.4,59.07,0
524.55,28.06,63.07,1
707.33,25.88,75.63,0
534.49,25.25,44.84,1
479.66,33.73,48.12,1
850.73,26.4,54.25,0
690.68,35.46,49.6,0
644.11,38.84,74.71,1
829.5,37.45,75.29,0
717.15,19.67,41.06,0
417.98,31.15,55.11,1
405.75,35.72,55.13,1
928.19,33.73,49.96,0
324.65,36.46,47.86,1
436.51,37.4,67.23,1
786.84,34.84,62.62,0
591.44,30.28,54.51,1
576.25,37.07,77.69,1
392.69,26.74,54.68,1
720.35,30.5,44.72,0
685.04,27.98,59.69,0
576.43,34.8,62.13,1
833.32,19.27,76.37,0
647.74,23.16,44.66,1
833.45,35.18,63.01,0
825.09,19.76,58.96,0
843.02,33.85,47.78,0
786.28,22.42,65.11,0
957.54,30.03,49.41,0
761.82,35.97,73.58,0
342.43,23.93,43.94,1
808.28,26.18,79.55,0
917.61,32.8,70.8,0
974.69,36.34,73.99,0
572.36,26.93,41.01,1
982.6,34.68,65.93,0
607.36,35.74,57.5,1
596.79,23.32,53.28,1
719.47,30.08,53.38,0
442.06,35.4,72.87,1
749.57,29.56,48.84,0
452.06,22.1,45.03,1
562.54,32.87,39.94,1
695.64,21.81,68.37,0
918.68,19.09,67.11,0
864.35,19.39,73.55,0
732.35,27.16,70.09,0
624.55,37.46,39.12,1
563.37,38.31,73.35,1
921.61,30.05,62.8,0
337.82,20.84,73.49,1
334.35,29.05,80.48,1
463.07,30.55,42.19,1
521.0,21.99,53.8,1
730.02,29.12,61.01,0
962.29,35.73,49.38,0
674.65,31.84,50.94,1
818.24,22.97,42.76,0
476.27,20.14,64.63,1
935.98,20.26,75.38,0
717.51,30.78,47.39,0
650.67,21.86,50.91,1
879.81,18.89,63.08,0
437.33,19.35,41.08,1
921.29,32.49,77.6,0
613.65,23.83,60.07,1
891.65,21.13,67.15,0
960.24,32.94,64.86,0
726.85,22.71,81.17,0
466.55,30.86,73.39,1
700.53,24.8,45.77,0
658.19,37.58,78.24,1
496.59,37.19,55.19,1
469.06,33.26,65.84,1
760.36,38.98,67.35,0
979.9,20.72,65.02,0
539.23,32.37,61.12,1
949.14,18.23,44.58,0
363.65,20.02,70.36,1
332.14,18.47,45.11,1
551.49,36.43,44.62,1
359.93,22.4,64.48,1
499.26,33.89,66.43,1
537.41,30.06,39.86,1
531.79,26.16,68.3,1
844.5,36.47,71.28,0
455.15,35.56,61.83,1
565.46,33.69,77.37,1
797.15,18.46,79.99,0
771.83,32.48,65.49,0
972.28,29.19,77.04,0
832.62,32.75,52.14,0
897.32,20.44,41.66,0
970.17,30.67,48.15,0
529.73,26.68,48.41,1
975.1,38.28,45.64,0
675.4,28.7,38.24,1
578.89,23.54,57.34,1
738.3,37.65,53.09,0
981.41,28.81,46.33,0
599.81,36.83,65.89,1
542.96,32.0,44.79,1
440.37,26.84,45.11,1
465.93,37.25,55.61,1
594.72,28.61,44.43,1
559.27,26.88,55.99,1
838.91,31.83,66.53,0
791.17,38.2,43.8,0
802.93,25.65,80.32,0
611.73,28.47,76.33,1
543.81,19.16,63.28,1
921.96,19.45,48.19,0
373.23,31.64,56.29,1
834.27,19.13,80.39,0
361.45,38.78,78.63,1
798.6,33.95,52.22,0
521.62,34.21,53.19,1
519.75,36.93,39.41,1
580.05,32.03,67.83,1
770.93,23.05,47.76,0
795.38,32.91,68.57,0
656.62,32.16,47.54,1
658.2,23.82,47.68,1
515.33,29.32,53.81,1
835.01,20.1,73.1,0
605.72,24.89,50.67,1
677.77,27.97,58.43,1
372.28,19.51,53.26,1
844.91,21.14,38.47,0
823.03,35.65,50.51,0
585.61,38.58,65.94,1
954.77,35.12,56.08,0
620.34,30.32,72.8,1
564.91,36.5,50.51,1
877.97,34.93,76.95,0
370.67,23.74,57.84,1
550.22,32.41,52.09,1
591.69,36.21,69.24,1
384.45,30.91,51.11,1
344.34,20.29,38.94,1
799.36,33.47,46.28,0
728.65,18.9,65.04,0
654.35,22.88,48.79,1
404.98,28.45,62.02,1
883.15,22.33,62.33,0
635.25,32.51,71.46,1
472.96,30.94,58.74,1
981.47,35.84,68.62,0
926.26,31.28,52.04,0
874.14,30.84,80.79,0
431.33,38.12,72.42,1
642.72,19.27,64.39,1
630.59,23.25,73.05,1
590.28,21.6,43.08,1
353.83,33.47,46.49,1
807.82,19.97,48.9,0
924.48,30.45,78.16,0
339.04,19.8,46.36,1
873.84,24.39,64.61,0
973.75,31.73,57.0,0
835.29,36.22,55.56,0
436.79,31.5,64.21,1
939.31,20.38,74.1,0
617.47,32.52,73.97,1
804.07,30.31,42.51,0
789.56,34.65,78.96,0
773.06,18.41,44.3,0
668.83,20.75,58.61,1
372.73,24.54,62.88,1
716.2,18.92,57.09,0
590.95,31.7,72.04,1
754.62,26.03,38.5,0
508.76,25.1,57.15,1
316.5,37.79,62.5,1
414.74,18.87,53.87,1
411.76,32.18,56.69,1
882.5,19.26,75.83,0
814.58,20.19,61.81,0
601.04,27.84,72.18,1
355.1,21.98,80.97,1
500.52,23.92,43.81,1
643.12,23.81,56.19,1
605.83,26.46,50.35,1
630.81,35.38,46.96,1
903.49,36.84,73.42,0
799.44,21.1,49.46,0
681.69,18.59,63.35,1
670.21,34.4,79.57,1
330.15,29.79,79.01,1
511.31,35.51,63.22,1
385.01,25.67,40.68,1
841.99,26.92,71.11,0
925.1,29.99,40.71,0
865.52,20.61,55.16,0
474.66,37.67,47.33,1
345.2,31.8,63.51,1
941.75,33.93,45.81,0
607.22,34.74,42.2,1
755.65,38.0,79.02,0
531.24,34.0,75.83,1
792.29,28.08,70.94,0
824.29,34.87,55.7,0
426.2,36.85,44.63,1
698.97,30.98,59.57,0
912.64,34.43,62.11,0
947.66,33.79,68.56,0
708.22,34.35,39.49,0
507.11,26.83,67.21,1
770.6,27.42,55.06,0
619.35,30.79,53.79,1
484.28,28.31,70.66,1
800.84,30.96,62.85,0
580.98,37.11,51.33,1
566.75,38.58,75.47,1
744.51,31.44,42.65,0
476.46,35.15,55.18,1
939.77,31.76,47.86,0
493.19,37.12,75.26,1
810.98,23.75,50.38,0
512.3,34.13,71.82,1
910.44,19.76,76.63,0
871.13,33.98,75.02,0
700.32,32.62,42.78,0
730.4,32.35,64.52,0
845.6,35.84,68.24,0
474.76,33.27,61.23,1
393.14,25.62,69.96,1
836.31,31.69,52.04,0
820.89,21.0,47.33,0
887.62,20.75,63.06,0
863.54,32.75,52.5,0
736.24,24.6,46.38,0
664.05,31.11,62.17,1
928.46,19.33,57.93,0
941.32,31.48,79.08,0
473.29,22.62,41.95,1
561.88,33.25,59.85,1
602.48,33.78,52.51,1
961.99,33.75,51.52,0
543.38,31.98,75.66,1
819.57,18.22,72.22,0
956.64,32.63,62.03,0
932.53,24.23,67.29,0
563.47,19.41,54.19,1
865.97,27.04,55.2,0
619.2,37.99,40.91,1
736.89,20.52,69.28,0
925.59,22.0,46.01,0
777.14,33.98,73.0,0
529.8,38.7,48.06,1
688.05,20.19,70.47,0
467.3,22.2,75.37,1
545.62,35.83,58.81,1
705.43,23.11,69.26,0
841.9,32.53,80.33,0
472.3,25.19,65.8,1
364.14,29.37,80.82,1
444.83,29.47,51.65,1
818.22,37.26,68.73,0
732.0,29.23,50.59,0
369.24,37.12,65.8,1
776.95,24.63,56.56,0
747.71,34.66,38.17,0
910.04,32.82,51.2,0
501.37,30.37,72.49,1
946.9,36.78,46.16,0
857.59,30.54,54.84,0
853.3,37.38,39.63,0
338.0,22.1,42.79,1
507.89,29.79,56.92,1
456.53,27.38,55.99,1
821.91,36.9,61.45,0
615.01,35.43,43.55,1
744.71,28.74,43.28,0
588.69,38.94,53.45,1
564.36,23.6,73.08,1
866.51,23.5,62.91,0
472.23,26.8,48.0,1
599.62,32.94,67.08,1
839.75,29.82,76.2,0
411.5,36.16,70.79,1
314.51,20.76,67.13,1
559.43,31.2,68.43,1
724.81,29.21,41.44,0
438.28,20.58,53.29,1
733.97,28.97,48.78,0
833.2,24.9,69.49,0
335.52,31.86,57.5,1
369.4,29.67,75.04,1
543.9,29.42,69.93,1
537.23,37.5,49.42,1
915.96,35.43,75.14,0
888.49,30.1,75.67,0
361.97,21.44,66.29,1
536.87,25.67,79.78,1
407.98,36.3,61.78,1
597.01,36.07,45.11,1
737.28,36.8,41.75,0
642.85,36.86,68.6,1
512.52,20.36,42.26,1
848.9,32.15,38.2,0
775.27,38.38,80.46,0
493.18,19.17,71.74,1
499.64,37.52,64.17,1
765.67,29.27,58.12,0
501.83,37.43,45.11,1
924.7,37.84,57.83,0
406.51,29.73,60.65,1
777.97,21.96,46.15,0
629.98,38.62,78.29,1
665.63,33.57,43.87,1
834.26,31.18,51.28,0
441.47,31.57,38.24,1
933.08,37.12,57.85,0
804.4,31.64,43.11,0
401.48,22.11,51.59,1
737.12,20.99,59.2,0
546.25,18.12,51.34,1
749.48,25.79,81.0,0
607.05,26.76,52.86,1
825.52,23.26,39.76,0
907.24,31.12,58.25,0
632.29,28.01,76.21,1
654.07,20.8,76.34,1
925.19,26.7,80.01,0
963.75,35.28,68.31,0
950.02,37.5,58.26,0
679.17,34.5,69.04,1
879.95,20.06,47.62,0
856.34,23.92,79.19,0
418.65,22.7,54.3,1
420.74,21.58,42.06,1
770.57,28.59,77.96,0
552.07,22.59,42.54,1
881.19,22.82,79.77,0
708.05,38.25,66.1,0
421.95,32.4,66.87,1
373.74,29.88,67.32,1
918.01,33.99,63.77,0
835.49,18.75,77.97,0
896.28,26.67,68.79,0
773.08,26.07,56.0,0
812.49,24.88,40.89,0
939.67,25.54,44.64,0
488.89,28.82,54.69,1
668.09,26.17,51.83,1
856.29,28.65,61.46,0
861.63,29.65,40.17,0
492.25,23.84,51.14,1
689.13,31.36,47.86,0
644.63,32.21,38.83,1
802.22,21.98,55.26,0
806.3,30.01,81.19,0
375.93,25.26,40.62,1
377.44,22.95,76.9,1
947.63,37.63,64.61,0
416.79,23.6,53.0,1
501.38,24.85,49.21,1
617.7,37.91,64.09,1
757.51,20.38,69.72,0
979.89,22.9,79.25,0
457.16,21.6,71.44,1
579.14,34.23,77.68,1
621.73,29.59,66.74,1
390.27,23.17,68.48,1
965.86,34.55,75.42,0
362.48,31.08,73.07,1
451.63,31.56,60.27,1
758.88,34.3,59.26,0
580.92,36.33,42.08,1
849.81,24.82,39.03,0
480.65,24.51,66.03,1
517.85,20.99,51.17,1
415.0,26.27,55.31,1
956.81,34.16,79.72,0
752.19,25.88,55.72,0
501.04,29.48,80.22,1
806.12,29.97,48.4,0
551.72,34.02,39.89,1
962.33,24.08,41.05,0
579.59,24.43,68.1,1
775.38,33.47,51.15,0
811.63,20.4,71.18,0
838.55,33.46,60.7,0
564.4,34.33,69.96,1
927.49,38.04,70.33,0
688.63,33.16,49.53,0
932.49,36.4,57.2,0
953.49,38.53,46.17,0
643.16,30.78,68.65,1
954.92,36.88,60.55,0
732.28,27.61,70.62,0
621.98,27.04,52.9,1
577.58,22.94,61.18,1
933.54,24.8,74.51,0
666.61,27.28,66.95,1
922.45,36.94,43.97,0
713.29,36.06,43.05,0
527.86,31.96,72.28,1
432.08,21.27,46.33,1
898.62,18.46,47.47,0
672.65,38.65,61.02,1
547.99,27.25,60.25,1
559.9,20.24,80.79,1
867.92,28.66,38.95,0
626.84,24.46,39.64,1
529.08,24.93,43.0,1
552.17,23.37,71.56,1
608.0,24.71,45.24,1
672.96,20.49,62.74,1
943.12,35.11,73.73,0
666.13,23.4,41.46,1
844.77,25.42,76.55,0
719.92,30.14,47.61,0
595.85,23.75,42.82,1
974.64,33.3,62.55,0
687.63,21.39,47.24,0
392.4,23.83,42.55,1
703.26,18.34,73.74,0
490.76,20.37,44.21,1
486.0,19.99,73.63,1
374.66,28.85,80.64,1
951.31,29.88,59.58,0
885.84,24.33,53.08,0
437.62,31.69,44.47,1
645.07,38.25,58.39,1
626.07,28.99,43.98,1
481.47,36.28,71.42,1
432.72,34.02,57.45,1
857.06,36.74,80.52,0
686.3,35.3,43.59,0
635.85,28.04,40.18,1
549.39,32.74,52.95,1
542.31,28.09,51.25,1
981.22,28.55,49.61,0
861.95,34.46,72.29,0
653.68,18.48,56.68,1
796.27,36.28,59.95,0
804.5,18.01,64.44,0
611.51,19.35,59.12,1
497.59,28.8,39.5,1
618.71,38.58,45.55,1
757.99,31.29,57.77,0
550.61,29.84,45.35,1
472.82,26.97,56.66,1
651.65,19.28,77.63,1
537.76,28.59,44.45,1
525.42,28.47,44.17,1
791.11,38.78,43.39,0
811.87,27.91,47.68,0
626.42,32.81,81.23,1
850.0,19.09,52.23,0
343.23,23.63,64.57,1
322.23,18.37,81.05,1
695.02,21.2,57.14,0
764.36,24.77,51.58,0
936.88,37.71,81.23,0
438.42,19.77,41.57,1
839.42,27.94,72.77,0
431.44,37.85,77.88,1
730.89,30.29,46.2,0
770.46,33.69,38.52,0
750.95,32.2,48.84,0
894.52,37.31,74.98,0
839.38,27.08,51.05,0
531.93,20.19,80.92,1
324.81,20.34,64.36,1
495.55,32.28,70.75,1
795.66,19.52,62.75,0
771.43,33.78,59.51,0
374.92,18.23,41.91,1
854.98,22.52,79.41,0
423.48,37.02,67.93,1
804.81,21.19,74.35,0
756.24,38.41,78.45,0
729.61,21.21,68.52,0
399.31,36.17,69.0,1
331.23,34.09,58.67,1
918.38,24.16,64.91,0
656.85,35.38,62.64,1
886.55,23.44,43.79,0
896.63,38.46,45.45,0
604.7,20.85,74.68,1
461.18,27.89,48.41,1
487.56,26.63,74.55,1
676.82,36.97,76.26,1
396.59,35.56,68.87,1
459.72,18.94,75.71,1
774.05,27.91,58.11,0
770.25,34.93,68.19,0
504.17,28.74,76.13,1
586.88,36.62,64.0,1
588.96,38.14,46.18,1
736.51,33.52,51.21,0
493.37,22.39,52.61,1
632.47,35.72,55.0,1
569.03,33.93,56.97,1
650.49,27.09,46.49,1
805.11,28.21,67.91,0
698.82,32.89,40.83,0
764.56,23.43,80.71,0
539.39,29.25,76.71,1
389.04,38.98,76.84,1
517.4,23.17,38.98,1
892.21,24.44,51.73,0
628.11,20.77,57.32,1
545.99,20.48,72.79,1
868.92,27.94,80.89,0
724.77,29.71,56.43,0
323.12,27.43,54.39,1
939.99,21.4,74.52,0
423.62,28.09,40.39,1
861.78,34.44,38.78,0
461.9,33.93,75.11,1
387.26,31.03,47.72,1
735.39,21.08,38.43,0
374.41,30.51,62.51,1
459.92,23.93,72.59,1
495.52,37.45,44.37,1
723.96,28.14,69.28,0
954.89,31.93,61.97,0
573.83,23.9,74.1,1
409.73,35.15,69.12,1
697.33,27.26,80.03,0
827.82,28.2,42.42,0
326.04,19.91,79.33,1
493.94,36.37,65.95,1
946.45,38.88,62.3,0
678.52,32.23,61.65,1
755.2,33.65,80.16,0
954.98,18.32,80.17,0
600.29,23.12,66.86,1
836.44,25.27,48.42,0
773.61,25.74,43.95,0
366.65,22.09,77.3,1
930.83,18.62,38.28,0
709.24,19.79,76.67,0
903.7,31.04,47.46,0
366.62,38.37,80.69,1
906.46,21.21,66.0,0
511.53,21.9,40.88,1
429.49,32.9,80.21,1
657.83,31.89,66.06,1
959.79,27.27,52.12,0
866.62,33.35,53.57,0
558.51,29.32,80.13,1
439.82,28.69,39.56,1
628.11,23.43,77.52,1
661.42,20.65,63.93,1
870.27,35.14,72.64,0
333.35,22.18,58.06,1
399.9,34.34,75.85,1
394.38,35.16,47.95,1
815.88,29.0,59.88,0
512.35,18.14,44.29,1
942.06,23.17,41.61,0
847.08,20.44,52.65,0
430.57,21.48,79.33,1
451.9,24.41,49.77,1
703.03,29.5,39.17,0
518.72,26.76,56.09,1
593.46,32.61,44.98,1
374.88,26.23,38.63,1
819.12,33.5,71.0,0
648.01,20.51,48.26,1
857.2,18.7,66.78,0
815.24,31.39,53.5,0
870.36,20.93,62.77,0
935.69,22.09,44.32,0
862.49,30.47,56.3,0
737.34,35.25,72.1,0
775.93,26.39,72.07,0
911.13,28.62,39.99,0
545.54,37.33,52.63,1
615.06,20.58,63.4,1
792.46,28.35,80.62,0
571.17,26.36,80.88,1
492.44,22.07,62.5,1
832.62,18.14,50.82,0
913.84,36.81,76.21,0
341.41,29.45,79.79,1
648.07,27.77,78.14,1
959.24,32.51,76.56,0
972.06,32.81,59.69,0
707.83,36.01,60.46,0
778.53,20.26,42.5,0
641.01,34.3,76.0,1
947.7,31.64,40.2,0
669.23,38.95,54.01,1
485.52,33.07,38.63,1
718.18,24.02,57.89,0
962.75,27.29,79.04,0
318.68,26.04,65.95,1
893.02,30.18,66.9,0
836.44,31.54,54.31,0
890.92,34.53,70.3,0
482.35,23.29,57.76,1
745.75,20.34,54.74,0
347.38,38.54,78.19,1
427.28,35.17,69.4,1
812.29,21.72,68.36,0
924.38,38.75,77.36,0
885.31,28.12,65.4,0
692.49,31.44,75.34,0
852.1,18.28,51.28,0
412.23,35.66,73.87,1
791.12,23.16,49.77,0
943.26,19.27,76.36,0
509.04,30.95,49.85,1
556.48,30.33,67.83,1
570.72,23.76,59.08,1
676.36,31.28,42.91,1
852.29,22.88,44.16,0
494.25,30.82,54.87,1
702.92,19.72,80.07,0
611.69,23.81,78.5,1
486.35,20.88,43.88,1
938.69,21.27,40.44,0
901.46,34.28,66.97,0
576.18,20.78,74.68,1
819.48,18.17,77.58,0
323.94,20.89,71.79,1
379.88,20.11,40.12,1
720.92,35.9,43.99,0
943.82,37.49,76.38,0
630.35,24.02,41.57,1
734.96,32.11,62.34,0
767.93,29.98,58.61,0
807.8,34.75,38.41,0
779.15,20.12,65.44,0
349.96,26.92,78.14,1
720.15,37.66,51.01,0
319.83,24.82,71.73,1
561.51,25.29,55.98,1
897.61,19.06,59.19,0
443.91,27.47,67.1,1
970.15,36.16,63.26,0
505.59,24.9,51.53,1
719.53,22.53,57.65,0
767.14,35.3,69.69,0
328.77,38.71,65.51,1
447.16,33.69,53.97,1
617.02,30.14,61.05,1
925.69,21.21,43.47,0
627.09,24.93,48.13,1
577.86,36.47,64.83,1
657.33,31.93,55.13,1
488.31,28.72,65.94,1
730.84,25.06,78.32,0
486.55,19.68,75.99,1
668.95,33.39,52.66,1
942.45,26.69,57.68,0
372.09,38.86,79.01,1
361.92,36.31,61.16,1
911.29,31.3,64.04,0
873.66,23.82,80.4,0
952.05,21.6,39.27,0
591.18,25.15,50.1,1
813.47,23.6,78.98,0
670.64,36.2,62.34,1
855.9,26.83,79.23,0
928.84,36.38,48.67,0
378.89,36.0,46.25,1
669.87,26.19,73.97,1
462.26,36.77,78.88,1
740.63,19.96,42.78,0
725.57,28.6,67.46,0
387.28,34.99,70.22,1
655.99,34.76,38.5,1
910.93,25.52,61.41,0
602.08,24.22,52.22,1
877.27,31.21,50.53,0
630.75,27.76,51.34,1
354.9,30.0,64.9,1
787.2,30.37,71.64,0
844.23,19.79,68.39,0
594.51,36.68,72.46,1
641.76,28.27,56.75,1
646.03,32.73,59.26,1
717.05,33.93,68.38,0
443.37,28.28,76.31,1
528.22,27.39,64.49,1
839.82,32.36,76.32,0
549.67,21.36,61.54,1
894.46,35.51,73.92,0
452.97,23.43,41.3,1
892.41,26.21,51.86,0
685.24,21.46,53.66,0
617.94,24.72,59.52,1
601.86,21.41,45.12,1
376.43,26.08,43.38,1
869.74,34.1,74.42,0
702.67,29.66,42.89,0
345.02,38.48,61.34,1
928.15,36.27,78.07,0
670.91,21.57,46.86,1
662.9,25.9,59.94,1
371.84,22.96,68.03,1
539.39,35.16,61.44,1
688.3,31.03,43.47,0
441.58,33.44,53.25,1
366.19,37.93,58.36,1
771.1,24.37,69.41,0
486.13,38.37,70.44,1
753.56,36.48,73.34,0
920.63,22.81,51.78,0
357.14,37.76,79.84,1
441.62,27.76,52.39,1
905.35,38.44,57.34,0
622.75,30.23,47.24,1
624.11,25.91,68.17,1
968.0,19.01,62.9,0
827.83,29.96,63.96,0
712.46,18.19,38.99,0
573.9,23.94,71.67,1
529.85,28.98,45.61,1
316.84,37.56,63.99,1
832.06,24.59,56.0,0
776.48,26.61,55.81,0
827.13,35.86,53.74,0
366.51,25.4,78.65,1
455.66,21.13,69.36,1
520.49,23.16,61.96,1
452.76,33.73,59.92,1
919.92,21.07,71.15,0
747.47,20.42,68.41,0
745.83,37.82,58.11,0
716.63,19.27,75.76,0
933.1,34.67,64.77,0
559.85,34.48,42.72,1
553.25,29.74,72.95,1
816.51,25.83,63.81,0
759.78,36.93,44.7,0
697.69,38.06,62.9,0
874.57,32.49,47.92,0
823.32,36.08,43.29,0
737.83,30.45,49.66,0
739.55,37.57,77.21,0
486.36,25.11,70.93,1
534.87,22.82,64.05,1
751.04,33.24,51.95,0
519.57,35.11,79.31,1
358.14,27.5,53.09,1
470.37,36.43,38.25,1
860.48,26.07,56.79,0
880.4,30.37,61.39,0
429.44,21.55,54.14,1
719.05,18.35,66.94,0
507.72,35.4,54.31,1
424.42,24.93,75.59,1
812.48,24.29,43.67,0
354.63,20.9,77.21,1
551.44,23.19,38.02,1
659.74,20.64,44.16,1
451.11,23.38,53.73,1
922.2,18.34,65.7,0
969.24,20.12,81.1,0
456.38,26.09,51.41,1
774.7,26.13,81.19,0
528.75,29.71,40.3,1
837.16,23.36,75.53,0
439.7,31.79,72.37,1
862.59,34.21,72.17,0
528.84,29.1,72.9,1
637.75,20.15,55.96,1
390.92,20.75,65.36,1
416.66,31.24,57.2,1
949.1,37.59,51.6,0
939.51,32.88,57.55,0
751.8,34.91,46.73,0
325.29,36.72,57.0,1
631.54,38.96,64.98,1
422.04,20.38,39.07,1
344.92,31.1,59.68,1
830.63,37.15,63.48,0
811.02,38.29,53.35,0
620.84,20.61,40.07,1
699.34,22.74,73.61,0
981.23,23.08,45.09,0
729.79,25.28,62.97,0
657.92,25.69,38.57,1
493.54,21.52,43.23,1
641.0,27.73,38.43,1
617.82,25.98,45.78,1
718.47,30.43,49.7,0
647.56,28.89,46.28,1
869.24,20.93,77.14,0
982.28,33.63,67.58,0
715.37,26.65,68.41,0
516.68,21.01,47.63,1
583.78,35.53,38.66,1
885.54,33.65,67.22,0
720.48,32.19,48.08,0
733.21,30.13,55.43,0
377.26,32.05,63.55,1
967.41,29.07,47.57,0
849.27,27.88,61.53,0
405.26,19.63,71.79,1
636.11,31.5,71.99,1
949.11,34.99,77.03,0
349.95,34.2,74.3,1
788.76,20.66,39.98,0
618.05,31.05,71.07,1
490.94,28.32,61.24,1
931.42,20.83,57.41,0
602.78,37.05,58.64,1
485.61,20.59,55.7,1
592.33,37.33,76.11,1
455.23,24.05,60.77,1
542.51,28.48,60.82,1
730.08,28.48,49.72,0
858.24,26.86,74.96,0
535.74,20.3,53.06,1
564.75,33.58,55.97,1
770.22,24.97,70.63,0
725.9,22.51,80.67,0
900.51,37.45,68.79,0
651.69,26.62,59.05,1
962.74,19.11,57.7,0
411.1,24.26,46.16,1
569.33,37.16,60.2,1
941.86,33.8,47.44,0
619.75,19.66,79.77,1
710.31,29.31,71.61,0
672.28,35.53,78.29,1
389.44,20.27,62.08,1
690.52,31.43,44.72,0
357.59,24.68,41.3,1
789.78,23.96,39.09,0
885.2,20.1,74.41,0
318.31,36.98,76.82,1
673.72,23.95,68.87,1
932.78,30.5,54.86,0
347.17,19.56,58.41,1
543.41,25.61,48.71,1
919.06,18.62,77.63,0
376.1,28.06,39.35,1
620.33,21.16,60.76,1
884.75,32.6,41.75,0
704.8,29.83,61.39,0
983.1,35.24,80.29,0
911.96,32.92,46.45,0
795.04,23.55,79.94,0
581.17,26.41,77.48,1
741.95,31.56,51.68,0
697.8,38.45,54.05,0
801.94,33.82,39.7,0
979.39,38.98,72.61,0
656.3,31.51,39.45,1
563.53,19.08,65.89,1
581.29,38.55,55.71,1
722.14,26.68,73.41,0
434.1,31.47,67.14,1
617.12,27.07,55.71,1
901.84,28.61,64.36,0
525.85,22.08,48.88,1
885.24,26.39,63.03,0
674.45,29.9,48.68,1
680.33,18.72,64.98,1
380.55,38.93,73.49,1
367.7,30.64,66.24,1
581.87,27.16,58.61,1
476.82,21.04,79.44,1
499.08,29.6,59.47,1
935.21,28.84,51.34,0
524.71,21.2,55.69,1
617.93,23.46,57.66,1
566.71,21.61,39.76,1
436.26,19.63,38.0,1
402.82,19.2,57.08,1
463.33,26.07,42.02,1
459.65,27.05,56.33,1
490.2,32.37,77.79,1
578.46,26.27,62.77,1
775.12,21.91,52.62,0
842.2,20.94,42.39,0
661.62,25.43,55.88,1
780.22,28.15,67.21,0
675.3,33.12,52.72,1
369.57,27.7,50.22,1
866.74,29.06,58.04,0
409.18,25.47,68.74,1
981.07,21.2,40.84,0
504.13,19.2,74.84,1
349.38,27.08,76.92,1
800.13,37.82,63.23,0
833.42,26.18,49.92,0
566.09,24.4,74.78,1
835.16,25.1,63.49,0
568.91,26.02,75.81,1
724.65,25.97,38.89,0
791.75,31.25,47.38,0
821.11,31.93,59.91,0
507.92,24.66,67.0,1
829.88,36.14,60.69,0
602.01,28.4,56.64,1
618.77,30.77,44.42,1
883.08,27.05,63.93,0
666.1,28.16,73.46,1
546.92,32.16,53.52,1
348.94,33.29,38.99,1
866.6,30.47,70.14,0
760.65,38.64,54.89,0
630.44,25.18,66.96,1
612.01,21.12,43.27,1
585.62,28.82,58.57,1
809.32,32.17,49.57,0
980.48,36.1,75.15,0
380.92,29.53,60.7,1
697.87,32.85,39.4,0
601.77,28.35,44.39,1
918.15,38.66,69.03,0
371.18,30.06,62.07,1
566.95,20.5,72.15,1
565.53,20.89,76.25,1
486.04,18.23,41.26,1
800.49,20.39,79.48,0
831.71,36.17,45.09,0
890.6,23.71,80.7,0
707.74,22.16,52.11,0
920.39,27.18,60.0,0
469.0,33.24,46.03,1
844.69,35.74,58.59,0
858.46,37.4,77.95,0
867.5,19.25,80.42,0
608.79,29.59,46.28,1
375.3,20.16,45.72,1
748.78,38.11,40.13,0
360.41,34.28,79.4,1
642.61,27.05,49.54,1
676.86,38.81,41.71,1
769.51,23.64,52.37,0
701.53,37.41,46.17,0
620.61,36.33,81.04,1
890.46,30.03,53.47,0
872.44,34.04,55.27,0
865.83,28.58,44.07,0
689.75,31.76,80.36,0
787.69,18.19,62.62,0
743.25,21.93,80.98,0
800.97,18.85,70.79,0
647.86,23.31,65.49,1
586.54,38.95,67.34,1
920.49,28.97,77.99,0
899.44,20.19,75.63,0
365.14,28.66,48.7,1
876.85,28.93,54.6,0
573.39,23.06,39.96,1
341.4,28.46,57.1,1
922.93,34.08,76.06,0
445.85,30.03,58.15,1
437.33,27.72,43.38,1
453.78,28.84,55.95,1
718.93,29.13,79.18,0
644.49,36.02,65.47,1
802.54,37.27,57.42,0
895.14,27.78,54.36,0
456.42,20.95,38.77,1
551.62,32.44,50.05,1
657.95,31.08,79.75,1
588.58,19.84,69.3,1
523.03,24.54,60.32,1
690.02,37.04,44.86,0
617.08,36.36,56.16,1
401.9,29.34,56.83,1
688.97,27.17,52.51,0
473.59,20.65,47.57,1
812.07,38.53,64.81,0
807.72,28.45,66.32,0
474.49,22.61,53.24,1
386.62,27.35,60.07,1
804.36,23.63,62.74,0
865.1,34.76,50.2,0
853.81,27.29,78.3,0
558.26,25.15,66.55,1
453.26,26.44,40.03,1
554.35,23.8,80.7,1
354.88,28.09,68.29,1
691.05,21.9,62.48,0
506.34,28.58,46.45,1
691.37,23.39,75.58,0
817.82,25.16,77.67,0
496.11,19.65,51.2,1
542.04,33.38,53.66,1
816.11,38.57,50.03,0
943.93,35.11,38.03,0
753.55,26.77,58.08,0
807.84,28.21,47.23,0
635.97,26.59,62.23,1
632.07,21.77,56.95,1
559.93,18.42,67.3,1
485.22,21.13,73.59,1
969.24,22.9,45.34,0
732.45,28.83,46.89,0
801.13,36.45,56.49,0
893.36,32.93,56.39,0
317.3,32.32,53.15,1
645.07,32.16,66.38,1
955.99,38.54,41.54,0
903.1,34.52,70.27,0
589.39,21.05,51.49,1
921.94,32.79,53.18,0
437.32,35.73,73.94,1
486.98,18.57,69.9,1
658.59,29.03,44.56,1
559.77,34.06,74.44,1
459.23,34.84,50.72,1
425.66,20.52,39.36,1
698.98,19.27,61.4,0
573.44,22.47,69.43,1
466.59,37.89,51.87,1
824.91,25.33,48.29,0
635.65,25.9,42.74,1
536.81,31.46,52.06,1
629.13,22.23,70.05,1
779.52,27.68,49.38,0
621.74,34.86,70.38,1
838.49,22.88,70.2,0
868.35,31.26,53.51,0
882.0,34.14,60.77,0
593.18,28.02,73.1,1
572.4,32.6,55.44,1
380.61,26.59,54.3,1
949.95,28.05,47.5,0
345.15,35.98,59.65,1
617.68,27.83,79.87,1
785.7,21.13,55.51,0
785.75,27.76,38.02,0
689.21,37.92,46.58,0
659.88,30.42,63.27,1
823.61,24.62,50.99,0
316.02,18.86,41.77,1
316.24,27.9,40.84,1
367.97,36.22,79.22,1
976.18,31.53,58.0,0
570.45,23.48,50.42,1
856.88,28.13,44.7,0
612.91,29.46,49.49,1
665.43,38.07,62.46,1
632.03,29.54,42.82,1
362.67,38.24,54.79,1
360.25,21.35,45.14,1
714.08,29.92,42.4,0
885.1,25.08,78.12,0
430.27,25.66,49.41,1
655.27,19.22,54.82,1
774.35,29.35,41.56,0
728.18,36.4,43.15,0
875.45,24.64,64.49,0
874.94,20.28,73.48,0
578.46,19.7,40.19,1
442.16,30.28,63.24,1
492.51,26.17,51.88,1
571.11,29.94,46.05,1
830.02,37.51,46.66,0
606.98,33.5,58.34,1
326.98,33.69,72.09,1
360.42,33.33,72.93,1
804.98,30.44,68.53,0
316.83,19.5,40.05,1
752.32,25.06,73.55,0
579.17,21.32,59.88,1
630.03,35.84,59.52,1
701.38,24.2,39.38,0
947.14,36.03,38.21,0
739.45,26.8,76.53,0
590.91,28.41,60.52,1
637.31,19.85,52.04,1
639.44,27.77,78.9,1
543.67,22.12,42.58,1
968.92,35.4,51.17,0
901.15,31.16,74.05,0
479.15,35.38,58.65,1
796.09,18.64,63.0,0
790.27,36.63,41.82,0
951.8,20.86,59.78,0
906.05,23.27,55.68,0
759.56,24.62,55.59,0
916.45,28.03,52.37,0
586.16,36.89,54.82,1
939.63,34.12,65.38,0
318.22,22.31,78.22,1
717.73,29.3,54.8,0
640.73,21.86,67.83,1
351.6,20.0,77.52,1
325.51,21.59,57.3,1
978.22,35.69,70.15,0
670.44,31.86,64.58,1
900.11,21.39,64.34,0
503.98,18.4,66.47,1
671.93,31.36,72.49,1
642.71,35.06,60.52,1
441.07,24.7,76.27,1
510.19,38.75,47.92,1
490.43,19.29,67.4,1
882.97,19.48,78.5,0
712.26,35.46,52.41,0
398.51,27.66,49.52,1
814.41,23.33,69.11,0
738.51,34.15,47.65,0
368.55,18.65,50.97,1
943.64,34.69,48.8,0
852.75,38.93,66.23,0
361.83,30.31,77.73,1
629.37,22.02,56.39,1
529.56,34.57,53.91,1
372.92,18.59,71.37,1
337.26,24.16,68.88,1
706.08,38.42,63.53,0
646.36,31.62,64.84,1
668.97,25.59,69.18,1
430.41,30.54,77.91,1
482.88,26.46,75.85,1
390.94,32.08,41.28,1
832.99,25.47,50.2,0
323.05,37.05,63.79,1
901.64,21.1,50.37,0
867.25,27.75,54.52,0
515.46,21.84,47.92,1
647.27,34.73,64.31,1
904.96,37.47,50.71,0
462.74,30.2,58.81,1
834.52,38.77,40.99,0
554.62,36.4,46.46,1
934.91,23.89,46.26,0
589.33,35.9,48.19,1
904.53,38.55,42.24,0
697.74,32.1,50.03,0
379.5,22.78,62.95,1
589.87,38.6,60.62,1
586.13,28.59,66.88,1
861.51,38.19,49.41,0
555.02,36.75,50.58,1
670.14,36.85,54.98,1
535.65,26.67,64.47,1
760.64,27.36,53.98,0
942.76,26.77,42.25,0
706.97,24.95,61.2,0
967.6,31.97,56.19,0
483.11,28.29,69.03,1
710.19,22.09,57.95,0
442.11,22.29,54.83,1
499.2,38.41,74.41,1
923.4,18.2,61.28,0
661.63,34.35,40.52,1
439.16,31.11,48.36,1
663.48,28.94,76.18,1
319.74,19.15,48.68,1
970.25,21.72,43.73,0
707.36,19.61,68.52,0
732.21,18.38,67.83,0
651.5,19.23,69.79,1
740.52,21.88,66.16,0
457.18,37.95,49.08,1
879.48,32.09,39.63,0
337.33,22.36,42.19,1
935.43,35.24,69.14,0
604.58,24.88,47.18,1
749.59,33.78,45.6,0
750.49,35.19,68.14,0
552.2,23.42,48.41,1
479.93,35.04,48.12,1
780.41,33.6,55.65,0
730.77,38.92,51.99,0
404.02,32.2,54.09,1
647.41,23.36,69.98,1
348.49,32.39,70.31,1
418.44,19.53,70.06,1
418.31,34.76,70.51,1
634.69,38.77,58.17,1
426.88,32.59,46.6,1
635.96,24.64,47.05,1
715.84,28.47,70.84,0
653.59,29.81,80.03,1
950.04,22.31,75.31,0
842.57,34.17,70.2,0
975.46,22.21,80.96,0
430.55,26.03,73.85,1
603.02,32.33,42.88,1
846.75,33.64,41.8,0
923.97,27.11,70.03,0
721.55,22.55,45.24,0
474.62,19.81,75.79,1
861.18,23.04,50.01,0
977.82,21.25,38.48,0
733.29,29.82,54.76,0
662.53,34.21,47.39,1
321.82,21.75,55.9,1
841.53,18.36,65.76,0
630.25,27.21,52.51,1
500.85,38.65,68.93,1
608.66,26.11,73.92,1
903.94,30.77,79.22,0
793.76,27.48,76.63,0
899.07,20.81,52.87,0
468.15,21.19,65.13,1
801.2,18.74,74.46,0
776.15,31.31,42.72,0
754.88,20.43,62.69,0
349.18,38.58,75.96,1
649.17,18.23,49.07,1
872.38,34.85,63.57,0
709.1,25.91,41.92,0
970.99,18.59,58.16,0
723.89,25.52,53.54,0
392.61,35.34,60.82,1
951.28,28.03,58.79,0
710.79,24.49,62.99,0
693.87,24.96,60.21,0
767.68,19.62,71.52,0
782.86,18.43,53.45,0
896.75,22.68,41.51,0
740.47,26.77,55.99,0
772.64,25.52,66.28,0
691.13,21.43,64.54,0
586.39,34.81,78.41,1
969.15,34.01,42.99,0
452.28,37.38,64.69,1
767.58,23.53,59.94,0
968.28,18.1,54.47,0
522.73,22.15,59.86,1
647.02,26.03,67.64,1
442.97,21.85,42.21,1
817.71,31.65,58.43,0
656.55,38.58,58.83,1
584.1,34.74,54.11,1
722.87,28.17,70.53,0
663.43,32.15,69.67,1
753.23,22.56,54.93,0
427.27,18.34,41.27,1
775.11,30.07,77.17,0
768.45,37.8,65.53,0
549.9,36.63,73.93,1
367.04,24.97,60.0,1
926.4,18.4,43.51,0
924.43,30.6,39.1,0
314.84,26.34,51.72,1
605.3,38.88,50.83,1
614.19,36.79,65.65,1
776.9,18.51,73.54,0
449.87,25.07,62.46,1
355.57,22.07,71.29,1
443.52,36.83,51.39,1
935.44,18.96,77.66,0
850.6,22.34,46.44,0
752.88,31.89,40.66,0
